ANI	Length	Mapped Proportion	Mean Absolute Error	Mean Bias	Standard Error	Mean Length
90	50	152/1000	0.775%	-0.221%	0.118%	47
90	100	631/1000	1.358%	-0.211%	0.071%	75
90	150	825/1000	1.370%	0.026%	0.062%	110
90	200	861/1000	1.249%	0.350%	0.054%	155
90	250	902/1000	1.274%	0.473%	0.052%	198
90	300	918/1000	1.162%	0.424%	0.047%	242
90	350	951/1000	1.189%	0.522%	0.046%	283
90	400	957/1000	1.134%	0.543%	0.044%	329
90	450	962/1000	1.069%	0.583%	0.040%	370
90	500	962/1000	1.065%	0.608%	0.039%	415
90	550	979/1000	1.049%	0.635%	0.037%	454
90	600	976/1000	1.016%	0.647%	0.035%	502
90	650	983/1000	1.015%	0.679%	0.035%	542
90	700	986/1000	0.992%	0.658%	0.033%	580
90	750	987/1000	0.979%	0.663%	0.033%	627
90	800	994/1000	0.962%	0.673%	0.032%	664
90	850	994/1000	0.949%	0.684%	0.031%	700
90	900	999/1000	0.950%	0.682%	0.030%	744
90	950	997/1000	0.944%	0.689%	0.030%	783
90	1000	996/1000	0.942%	0.719%	0.029%	814
90	1050	998/1000	0.937%	0.740%	0.028%	861
90	1100	999/1000	0.908%	0.709%	0.028%	899
90	1150	1000/1000	0.913%	0.730%	0.027%	932
90	1200	999/1000	0.915%	0.729%	0.027%	965
90	1250	999/1000	0.904%	0.718%	0.027%	1004
90	1300	999/1000	0.905%	0.735%	0.026%	1035
90	1350	1000/1000	0.912%	0.745%	0.026%	1067
90	1400	999/1000	0.872%	0.718%	0.025%	1117
90	1450	998/1000	0.899%	0.764%	0.025%	1144
90	1500	1000/1000	0.891%	0.745%	0.026%	1167
90	1550	999/1000	0.859%	0.745%	0.024%	1218
90	1600	999/1000	0.865%	0.737%	0.024%	1251
90	1650	999/1000	0.897%	0.754%	0.025%	1259
90	1700	1000/1000	0.881%	0.758%	0.023%	1328
90	1750	999/1000	0.896%	0.772%	0.024%	1357
90	1800	999/1000	0.856%	0.750%	0.022%	1384
90	1850	1000/1000	0.870%	0.760%	0.022%	1409
90	1900	1000/1000	0.869%	0.765%	0.023%	1435
90	1950	1000/1000	0.866%	0.768%	0.022%	1469
90	2000	1000/1000	0.869%	0.776%	0.022%	1517
91	50	201/1000	1.071%	-0.555%	0.120%	47
91	100	741/1000	1.239%	-0.212%	0.062%	77
91	150	873/1000	1.252%	0.065%	0.055%	115
91	200	917/1000	1.172%	0.138%	0.049%	165
91	250	944/1000	1.106%	0.233%	0.046%	208
91	300	972/1000	1.080%	0.282%	0.044%	254
91	350	974/1000	1.031%	0.330%	0.041%	300
91	400	986/1000	0.989%	0.366%	0.038%	347
91	450	993/1000	0.942%	0.392%	0.037%	389
91	500	993/1000	0.923%	0.408%	0.035%	443
91	550	995/1000	0.892%	0.457%	0.034%	485
91	600	991/1000	0.885%	0.454%	0.032%	533
91	650	997/1000	0.827%	0.437%	0.030%	580
91	700	999/1000	0.851%	0.451%	0.031%	621
91	750	998/1000	0.846%	0.472%	0.029%	662
91	800	999/1000	0.796%	0.471%	0.028%	709
91	850	998/1000	0.792%	0.495%	0.027%	752
91	900	998/1000	0.779%	0.491%	0.027%	799
91	950	1000/1000	0.770%	0.494%	0.026%	841
91	1000	1000/1000	0.757%	0.494%	0.025%	882
91	1050	1000/1000	0.760%	0.527%	0.025%	933
91	1100	1000/1000	0.738%	0.520%	0.025%	968
91	1150	999/1000	0.741%	0.548%	0.024%	1008
91	1200	1000/1000	0.746%	0.521%	0.025%	1047
91	1250	1000/1000	0.724%	0.526%	0.023%	1091
91	1300	998/1000	0.737%	0.543%	0.023%	1132
91	1350	1000/1000	0.721%	0.534%	0.023%	1169
91	1400	1000/1000	0.715%	0.530%	0.022%	1205
91	1450	1000/1000	0.681%	0.514%	0.021%	1249
91	1500	1000/1000	0.698%	0.523%	0.022%	1279
91	1550	1000/1000	0.697%	0.529%	0.021%	1330
91	1600	1000/1000	0.717%	0.540%	0.022%	1362
91	1650	1000/1000	0.694%	0.552%	0.021%	1403
91	1700	1000/1000	0.684%	0.560%	0.020%	1447
91	1750	1000/1000	0.686%	0.549%	0.020%	1485
91	1800	1000/1000	0.697%	0.557%	0.020%	1534
91	1850	1000/1000	0.673%	0.538%	0.020%	1564
91	1900	1000/1000	0.676%	0.548%	0.020%	1591
91	1950	1000/1000	0.668%	0.543%	0.019%	1645
91	2000	1000/1000	0.669%	0.544%	0.019%	1679
92	50	237/1000	0.954%	-0.366%	0.103%	47
92	100	797/1000	1.128%	-0.437%	0.052%	80
92	150	921/1000	1.134%	-0.120%	0.049%	121
92	200	959/1000	1.027%	-0.029%	0.042%	170
92	250	978/1000	1.032%	0.038%	0.042%	217
92	300	986/1000	0.953%	0.128%	0.039%	267
92	350	990/1000	0.936%	0.139%	0.038%	313
92	400	993/1000	0.840%	0.179%	0.034%	363
92	450	996/1000	0.793%	0.231%	0.031%	412
92	500	998/1000	0.786%	0.234%	0.031%	457
92	550	999/1000	0.759%	0.245%	0.030%	506
92	600	999/1000	0.724%	0.236%	0.028%	554
92	650	1000/1000	0.734%	0.262%	0.028%	601
92	700	999/1000	0.685%	0.255%	0.026%	648
92	750	1000/1000	0.682%	0.266%	0.026%	696
92	800	1000/1000	0.652%	0.265%	0.025%	742
92	850	1000/1000	0.635%	0.266%	0.024%	789
92	900	1000/1000	0.675%	0.262%	0.025%	835
92	950	1000/1000	0.642%	0.297%	0.024%	885
92	1000	1000/1000	0.598%	0.291%	0.022%	926
92	1050	1000/1000	0.605%	0.295%	0.023%	975
92	1100	1000/1000	0.586%	0.284%	0.021%	1019
92	1150	1000/1000	0.586%	0.295%	0.022%	1053
92	1200	1000/1000	0.578%	0.304%	0.021%	1112
92	1250	999/1000	0.548%	0.302%	0.020%	1149
92	1300	1000/1000	0.551%	0.292%	0.020%	1198
92	1350	1000/1000	0.567%	0.325%	0.020%	1258
92	1400	1000/1000	0.541%	0.322%	0.019%	1291
92	1450	1000/1000	0.532%	0.305%	0.019%	1331
92	1500	1000/1000	0.544%	0.318%	0.019%	1377
92	1550	1000/1000	0.539%	0.324%	0.019%	1427
92	1600	1000/1000	0.517%	0.303%	0.018%	1468
92	1650	1000/1000	0.519%	0.320%	0.018%	1516
92	1700	1000/1000	0.525%	0.337%	0.018%	1540
92	1750	1000/1000	0.510%	0.323%	0.018%	1605
92	1800	1000/1000	0.524%	0.320%	0.018%	1641
92	1850	1000/1000	0.506%	0.315%	0.017%	1696
92	1900	1000/1000	0.494%	0.318%	0.017%	1742
92	1950	1000/1000	0.508%	0.341%	0.017%	1781
92	2000	1000/1000	0.500%	0.325%	0.017%	1807
93	50	283/1000	0.706%	-0.324%	0.078%	47
93	100	886/1000	1.087%	-0.440%	0.049%	81
93	150	963/1000	1.056%	-0.295%	0.045%	125
93	200	981/1000	0.974%	-0.195%	0.040%	176
93	250	990/1000	0.884%	-0.100%	0.036%	224
93	300	995/1000	0.833%	-0.039%	0.033%	276
93	350	997/1000	0.819%	-0.050%	0.033%	323
93	400	999/1000	0.724%	0.000%	0.029%	373
93	450	1000/1000	0.690%	0.023%	0.028%	420
93	500	1000/1000	0.691%	0.037%	0.027%	469
93	550	999/1000	0.683%	0.043%	0.027%	519
93	600	1000/1000	0.634%	0.067%	0.025%	568
93	650	1000/1000	0.640%	0.067%	0.026%	617
93	700	1000/1000	0.591%	0.069%	0.023%	667
93	750	999/1000	0.589%	0.071%	0.023%	715
93	800	1000/1000	0.565%	0.073%	0.023%	764
93	850	1000/1000	0.567%	0.079%	0.023%	813
93	900	1000/1000	0.547%	0.085%	0.022%	862
93	950	1000/1000	0.525%	0.084%	0.021%	904
93	1000	1000/1000	0.525%	0.093%	0.021%	955
93	1050	1000/1000	0.497%	0.092%	0.020%	1007
93	1100	1000/1000	0.488%	0.087%	0.019%	1053
93	1150	1000/1000	0.479%	0.081%	0.019%	1102
93	1200	1000/1000	0.473%	0.093%	0.019%	1146
93	1250	1000/1000	0.476%	0.084%	0.019%	1197
93	1300	1000/1000	0.451%	0.083%	0.018%	1241
93	1350	1000/1000	0.436%	0.087%	0.017%	1295
93	1400	1000/1000	0.437%	0.081%	0.017%	1341
93	1450	1000/1000	0.443%	0.096%	0.018%	1389
93	1500	1000/1000	0.433%	0.084%	0.017%	1426
93	1550	1000/1000	0.413%	0.085%	0.016%	1483
93	1600	1000/1000	0.412%	0.094%	0.016%	1527
93	1650	1000/1000	0.408%	0.102%	0.016%	1579
93	1700	1000/1000	0.412%	0.090%	0.016%	1631
93	1750	1000/1000	0.399%	0.094%	0.016%	1668
93	1800	1000/1000	0.397%	0.105%	0.016%	1715
93	1850	1000/1000	0.393%	0.096%	0.015%	1764
93	1900	1000/1000	0.390%	0.105%	0.015%	1816
93	1950	1000/1000	0.378%	0.112%	0.015%	1846
93	2000	1000/1000	0.379%	0.099%	0.014%	1899
94	50	409/1000	0.667%	-0.282%	0.068%	47
94	100	924/1000	0.947%	-0.498%	0.042%	85
94	150	988/1000	0.929%	-0.318%	0.037%	130
94	200	991/1000	0.834%	-0.309%	0.033%	181
94	250	998/1000	0.795%	-0.249%	0.032%	229
94	300	999/1000	0.758%	-0.209%	0.030%	282
94	350	1000/1000	0.672%	-0.165%	0.027%	330
94	400	1000/1000	0.671%	-0.157%	0.027%	381
94	450	1000/1000	0.616%	-0.152%	0.024%	429
94	500	1000/1000	0.603%	-0.149%	0.024%	479
94	550	1000/1000	0.585%	-0.157%	0.023%	530
94	600	1000/1000	0.570%	-0.149%	0.022%	578
94	650	999/1000	0.554%	-0.149%	0.022%	630
94	700	1000/1000	0.525%	-0.114%	0.021%	679
94	750	1000/1000	0.527%	-0.134%	0.021%	729
94	800	1000/1000	0.499%	-0.121%	0.020%	777
94	850	1000/1000	0.509%	-0.127%	0.020%	826
94	900	1000/1000	0.470%	-0.125%	0.018%	878
94	950	1000/1000	0.455%	-0.107%	0.018%	924
94	1000	1000/1000	0.455%	-0.130%	0.018%	974
94	1050	1000/1000	0.432%	-0.112%	0.017%	1025
94	1100	1000/1000	0.434%	-0.105%	0.017%	1072
94	1150	1000/1000	0.422%	-0.115%	0.016%	1123
94	1200	1000/1000	0.418%	-0.107%	0.016%	1172
94	1250	1000/1000	0.395%	-0.119%	0.015%	1221
94	1300	1000/1000	0.395%	-0.120%	0.015%	1271
94	1350	1000/1000	0.398%	-0.117%	0.015%	1321
94	1400	1000/1000	0.383%	-0.116%	0.015%	1370
94	1450	1000/1000	0.367%	-0.117%	0.014%	1417
94	1500	1000/1000	0.377%	-0.129%	0.015%	1465
94	1550	1000/1000	0.373%	-0.108%	0.014%	1515
94	1600	1000/1000	0.372%	-0.125%	0.014%	1566
94	1650	1000/1000	0.349%	-0.112%	0.014%	1613
94	1700	1000/1000	0.358%	-0.110%	0.014%	1666
94	1750	1000/1000	0.352%	-0.113%	0.014%	1715
94	1800	1000/1000	0.350%	-0.101%	0.013%	1760
94	1850	1000/1000	0.336%	-0.115%	0.013%	1811
94	1900	1000/1000	0.335%	-0.114%	0.012%	1861
94	1950	1000/1000	0.338%	-0.121%	0.013%	1910
94	2000	1000/1000	0.328%	-0.112%	0.013%	1958
95	50	460/1000	0.555%	-0.239%	0.061%	47
95	100	968/1000	0.842%	-0.491%	0.038%	88
95	150	995/1000	0.802%	-0.379%	0.034%	135
95	200	998/1000	0.753%	-0.345%	0.030%	187
95	250	1000/1000	0.705%	-0.310%	0.027%	234
95	300	1000/1000	0.702%	-0.277%	0.027%	286
95	350	1000/1000	0.651%	-0.301%	0.024%	334
95	400	1000/1000	0.609%	-0.282%	0.022%	385
95	450	1000/1000	0.568%	-0.257%	0.021%	435
95	500	1000/1000	0.562%	-0.268%	0.021%	486
95	550	1000/1000	0.539%	-0.268%	0.020%	535
95	600	1000/1000	0.529%	-0.264%	0.019%	584
95	650	1000/1000	0.532%	-0.266%	0.019%	635
95	700	1000/1000	0.479%	-0.242%	0.017%	685
95	750	1000/1000	0.496%	-0.265%	0.018%	734
95	800	1000/1000	0.479%	-0.267%	0.017%	783
95	850	1000/1000	0.473%	-0.274%	0.016%	834
95	900	1000/1000	0.471%	-0.275%	0.016%	883
95	950	1000/1000	0.457%	-0.277%	0.016%	935
95	1000	1000/1000	0.448%	-0.273%	0.015%	984
95	1050	1000/1000	0.445%	-0.269%	0.015%	1034
95	1100	1000/1000	0.442%	-0.266%	0.015%	1082
95	1150	1000/1000	0.429%	-0.283%	0.014%	1132
95	1200	1000/1000	0.426%	-0.270%	0.014%	1183
95	1250	1000/1000	0.406%	-0.280%	0.013%	1233
95	1300	1000/1000	0.417%	-0.270%	0.014%	1281
95	1350	1000/1000	0.412%	-0.284%	0.013%	1333
95	1400	1000/1000	0.411%	-0.285%	0.013%	1385
95	1450	1000/1000	0.407%	-0.284%	0.013%	1432
95	1500	1000/1000	0.388%	-0.273%	0.012%	1482
95	1550	1000/1000	0.396%	-0.285%	0.012%	1533
95	1600	1000/1000	0.395%	-0.284%	0.012%	1579
95	1650	1000/1000	0.398%	-0.287%	0.012%	1632
95	1700	1000/1000	0.382%	-0.290%	0.012%	1680
95	1750	1000/1000	0.386%	-0.287%	0.012%	1731
95	1800	1000/1000	0.374%	-0.287%	0.011%	1778
95	1850	1000/1000	0.376%	-0.282%	0.011%	1831
95	1900	1000/1000	0.381%	-0.288%	0.011%	1879
95	1950	1000/1000	0.373%	-0.288%	0.011%	1931
95	2000	1000/1000	0.365%	-0.290%	0.011%	1978
96	50	579/1000	0.421%	-0.072%	0.045%	48
96	100	985/1000	0.649%	-0.359%	0.032%	91
96	150	998/1000	0.612%	-0.323%	0.027%	138
96	200	1000/1000	0.600%	-0.340%	0.023%	190
96	250	1000/1000	0.573%	-0.325%	0.022%	238
96	300	1000/1000	0.556%	-0.323%	0.020%	290
96	350	1000/1000	0.561%	-0.354%	0.019%	339
96	400	1000/1000	0.543%	-0.345%	0.019%	390
96	450	1000/1000	0.527%	-0.346%	0.018%	439
96	500	1000/1000	0.503%	-0.339%	0.017%	489
96	550	1000/1000	0.491%	-0.339%	0.016%	540
96	600	1000/1000	0.487%	-0.350%	0.015%	589
96	650	1000/1000	0.485%	-0.350%	0.015%	640
96	700	1000/1000	0.466%	-0.342%	0.014%	687
96	750	1000/1000	0.464%	-0.347%	0.014%	740
96	800	1000/1000	0.451%	-0.345%	0.014%	789
96	850	1000/1000	0.456%	-0.343%	0.014%	840
96	900	1000/1000	0.441%	-0.349%	0.013%	888
96	950	1000/1000	0.445%	-0.354%	0.013%	939
96	1000	1000/1000	0.454%	-0.364%	0.013%	989
96	1050	1000/1000	0.437%	-0.364%	0.012%	1039
96	1100	1000/1000	0.431%	-0.364%	0.012%	1088
96	1150	1000/1000	0.439%	-0.373%	0.012%	1138
96	1200	1000/1000	0.435%	-0.376%	0.012%	1189
96	1250	1000/1000	0.426%	-0.367%	0.011%	1238
96	1300	1000/1000	0.427%	-0.376%	0.011%	1289
96	1350	1000/1000	0.430%	-0.377%	0.011%	1339
96	1400	1000/1000	0.418%	-0.372%	0.010%	1387
96	1450	1000/1000	0.419%	-0.372%	0.010%	1439
96	1500	1000/1000	0.422%	-0.383%	0.010%	1488
96	1550	1000/1000	0.419%	-0.384%	0.010%	1539
96	1600	1000/1000	0.423%	-0.388%	0.010%	1589
96	1650	1000/1000	0.420%	-0.383%	0.010%	1638
96	1700	1000/1000	0.432%	-0.398%	0.010%	1687
96	1750	1000/1000	0.424%	-0.386%	0.010%	1737
96	1800	1000/1000	0.424%	-0.393%	0.009%	1788
96	1850	1000/1000	0.431%	-0.402%	0.010%	1839
96	1900	1000/1000	0.420%	-0.392%	0.009%	1889
96	1950	1000/1000	0.419%	-0.394%	0.009%	1937
96	2000	1000/1000	0.423%	-0.397%	0.009%	1988
97	50	693/1000	0.272%	-0.026%	0.032%	48
97	100	997/1000	0.471%	-0.307%	0.026%	94
97	150	1000/1000	0.444%	-0.281%	0.022%	142
97	200	1000/1000	0.441%	-0.283%	0.018%	194
97	250	1000/1000	0.442%	-0.299%	0.017%	242
97	300	1000/1000	0.434%	-0.323%	0.015%	293
97	350	1000/1000	0.431%	-0.314%	0.015%	342
97	400	1000/1000	0.451%	-0.346%	0.015%	393
97	450	1000/1000	0.429%	-0.346%	0.014%	442
97	500	1000/1000	0.431%	-0.347%	0.013%	493
97	550	1000/1000	0.424%	-0.347%	0.013%	542
97	600	1000/1000	0.414%	-0.348%	0.012%	592
97	650	1000/1000	0.413%	-0.354%	0.012%	642
97	700	1000/1000	0.405%	-0.346%	0.011%	692
97	750	1000/1000	0.408%	-0.361%	0.011%	743
97	800	1000/1000	0.406%	-0.353%	0.011%	792
97	850	1000/1000	0.399%	-0.365%	0.010%	843
97	900	1000/1000	0.408%	-0.373%	0.010%	892
97	950	1000/1000	0.409%	-0.377%	0.010%	943
97	1000	1000/1000	0.394%	-0.365%	0.010%	993
97	1050	1000/1000	0.405%	-0.372%	0.010%	1042
97	1100	1000/1000	0.407%	-0.381%	0.009%	1093
97	1150	1000/1000	0.409%	-0.387%	0.009%	1142
97	1200	1000/1000	0.407%	-0.387%	0.009%	1193
97	1250	1000/1000	0.405%	-0.386%	0.009%	1242
97	1300	1000/1000	0.403%	-0.388%	0.008%	1292
97	1350	1000/1000	0.403%	-0.389%	0.008%	1343
97	1400	1000/1000	0.407%	-0.391%	0.008%	1393
97	1450	1000/1000	0.403%	-0.388%	0.008%	1442
97	1500	1000/1000	0.404%	-0.390%	0.008%	1492
97	1550	1000/1000	0.411%	-0.402%	0.008%	1542
97	1600	1000/1000	0.405%	-0.397%	0.007%	1592
97	1650	1000/1000	0.403%	-0.394%	0.007%	1643
97	1700	1000/1000	0.409%	-0.401%	0.007%	1693
97	1750	1000/1000	0.405%	-0.397%	0.007%	1743
97	1800	1000/1000	0.410%	-0.404%	0.007%	1793
97	1850	1000/1000	0.412%	-0.404%	0.007%	1843
97	1900	1000/1000	0.415%	-0.407%	0.007%	1893
97	1950	1000/1000	0.412%	-0.404%	0.007%	1942
97	2000	1000/1000	0.412%	-0.403%	0.007%	1993
98	50	827/1000	0.204%	0.018%	0.025%	48
98	100	1000/1000	0.243%	-0.128%	0.018%	97
98	150	1000/1000	0.254%	-0.145%	0.015%	146
98	200	1000/1000	0.271%	-0.189%	0.014%	197
98	250	1000/1000	0.266%	-0.195%	0.012%	245
98	300	1000/1000	0.279%	-0.203%	0.012%	296
98	350	1000/1000	0.286%	-0.220%	0.011%	345
98	400	1000/1000	0.286%	-0.231%	0.010%	395
98	450	1000/1000	0.289%	-0.239%	0.010%	445
98	500	1000/1000	0.296%	-0.246%	0.010%	495
98	550	1000/1000	0.289%	-0.251%	0.009%	546
98	600	1000/1000	0.282%	-0.248%	0.008%	595
98	650	1000/1000	0.292%	-0.262%	0.008%	646
98	700	1000/1000	0.295%	-0.269%	0.008%	695
98	750	1000/1000	0.297%	-0.274%	0.008%	746
98	800	1000/1000	0.293%	-0.273%	0.007%	795
98	850	1000/1000	0.301%	-0.284%	0.007%	846
98	900	1000/1000	0.299%	-0.281%	0.007%	895
98	950	1000/1000	0.303%	-0.292%	0.007%	946
98	1000	1000/1000	0.297%	-0.287%	0.007%	995
98	1050	1000/1000	0.298%	-0.286%	0.007%	1046
98	1100	1000/1000	0.301%	-0.292%	0.007%	1096
98	1150	1000/1000	0.303%	-0.297%	0.006%	1145
98	1200	1000/1000	0.304%	-0.296%	0.006%	1196
98	1250	1000/1000	0.303%	-0.297%	0.006%	1245
98	1300	1000/1000	0.302%	-0.297%	0.006%	1296
98	1350	1000/1000	0.303%	-0.299%	0.006%	1345
98	1400	1000/1000	0.303%	-0.297%	0.006%	1396
98	1450	1000/1000	0.306%	-0.303%	0.006%	1445
98	1500	1000/1000	0.307%	-0.301%	0.006%	1495
98	1550	1000/1000	0.304%	-0.301%	0.005%	1546
98	1600	1000/1000	0.305%	-0.303%	0.005%	1595
98	1650	1000/1000	0.310%	-0.308%	0.005%	1645
98	1700	1000/1000	0.310%	-0.305%	0.005%	1695
98	1750	1000/1000	0.311%	-0.308%	0.005%	1746
98	1800	1000/1000	0.311%	-0.309%	0.005%	1795
98	1850	1000/1000	0.315%	-0.312%	0.005%	1845
98	1900	1000/1000	0.312%	-0.309%	0.005%	1895
98	1950	1000/1000	0.310%	-0.308%	0.005%	1946
98	2000	1000/1000	0.315%	-0.314%	0.005%	1996
99	50	926/1000	0.073%	0.027%	0.014%	49
99	100	1000/1000	0.085%	-0.035%	0.011%	98
99	150	1000/1000	0.087%	-0.032%	0.008%	148
99	200	1000/1000	0.090%	-0.044%	0.007%	198
99	250	1000/1000	0.090%	-0.060%	0.007%	247
99	300	1000/1000	0.090%	-0.066%	0.006%	298
99	350	1000/1000	0.100%	-0.079%	0.006%	347
99	400	1000/1000	0.106%	-0.087%	0.006%	398
99	450	1000/1000	0.107%	-0.086%	0.006%	448
99	500	1000/1000	0.102%	-0.087%	0.005%	498
99	550	1000/1000	0.116%	-0.102%	0.005%	548
99	600	1000/1000	0.114%	-0.097%	0.005%	598
99	650	1000/1000	0.115%	-0.102%	0.005%	649
99	700	1000/1000	0.114%	-0.103%	0.005%	698
99	750	1000/1000	0.119%	-0.111%	0.005%	748
99	800	1000/1000	0.115%	-0.109%	0.004%	798
99	850	1000/1000	0.123%	-0.115%	0.005%	848
99	900	1000/1000	0.122%	-0.117%	0.004%	897
99	950	1000/1000	0.127%	-0.122%	0.004%	948
99	1000	1000/1000	0.124%	-0.119%	0.004%	998
99	1050	1000/1000	0.127%	-0.122%	0.004%	1048
99	1100	1000/1000	0.127%	-0.121%	0.004%	1098
99	1150	1000/1000	0.131%	-0.126%	0.004%	1148
99	1200	1000/1000	0.130%	-0.127%	0.004%	1198
99	1250	1000/1000	0.128%	-0.123%	0.004%	1248
99	1300	1000/1000	0.129%	-0.125%	0.004%	1298
99	1350	1000/1000	0.131%	-0.128%	0.003%	1348
99	1400	1000/1000	0.130%	-0.127%	0.003%	1398
99	1450	1000/1000	0.132%	-0.129%	0.003%	1448
99	1500	1000/1000	0.132%	-0.129%	0.003%	1498
99	1550	1000/1000	0.138%	-0.135%	0.003%	1548
99	1600	1000/1000	0.135%	-0.132%	0.003%	1598
99	1650	1000/1000	0.134%	-0.132%	0.003%	1648
99	1700	1000/1000	0.139%	-0.138%	0.003%	1698
99	1750	1000/1000	0.139%	-0.138%	0.003%	1748
99	1800	1000/1000	0.140%	-0.138%	0.003%	1798
99	1850	1000/1000	0.142%	-0.140%	0.003%	1848
99	1900	1000/1000	0.141%	-0.139%	0.003%	1898
99	1950	1000/1000	0.141%	-0.139%	0.003%	1948
99	2000	1000/1000	0.145%	-0.143%	0.003%	1998
100	50	1000/1000	0.000%	0.000%	0.000%	50
100	100	1000/1000	0.000%	0.000%	0.000%	100
100	150	1000/1000	0.000%	0.000%	0.000%	150
100	200	1000/1000	0.000%	0.000%	0.000%	200
100	250	1000/1000	0.000%	0.000%	0.000%	250
100	300	1000/1000	0.000%	0.000%	0.000%	300
100	350	1000/1000	0.000%	0.000%	0.000%	350
100	400	1000/1000	0.000%	0.000%	0.000%	400
100	450	1000/1000	0.000%	0.000%	0.000%	450
100	500	1000/1000	0.000%	0.000%	0.000%	500
100	550	1000/1000	0.000%	0.000%	0.000%	550
100	600	1000/1000	0.000%	0.000%	0.000%	600
100	650	1000/1000	0.000%	0.000%	0.000%	650
100	700	1000/1000	0.000%	0.000%	0.000%	700
100	750	1000/1000	0.000%	0.000%	0.000%	750
100	800	1000/1000	0.000%	0.000%	0.000%	800
100	850	1000/1000	0.000%	0.000%	0.000%	850
100	900	1000/1000	0.000%	0.000%	0.000%	900
100	950	1000/1000	0.000%	0.000%	0.000%	950
100	1000	1000/1000	0.000%	0.000%	0.000%	1000
100	1050	1000/1000	0.000%	0.000%	0.000%	1050
100	1100	1000/1000	0.000%	0.000%	0.000%	1100
100	1150	1000/1000	0.000%	0.000%	0.000%	1150
100	1200	1000/1000	0.000%	0.000%	0.000%	1200
100	1250	1000/1000	0.000%	0.000%	0.000%	1250
100	1300	1000/1000	0.000%	0.000%	0.000%	1300
100	1350	1000/1000	0.000%	0.000%	0.000%	1350
100	1400	1000/1000	0.000%	0.000%	0.000%	1400
100	1450	1000/1000	0.000%	0.000%	0.000%	1450
100	1500	1000/1000	0.000%	0.000%	0.000%	1500
100	1550	1000/1000	0.000%	0.000%	0.000%	1550
100	1600	1000/1000	0.000%	0.000%	0.000%	1600
100	1650	1000/1000	0.000%	0.000%	0.000%	1650
100	1700	1000/1000	0.000%	0.000%	0.000%	1700
100	1750	1000/1000	0.000%	0.000%	0.000%	1750
100	1800	1000/1000	0.000%	0.000%	0.000%	1800
100	1850	1000/1000	0.000%	0.000%	0.000%	1850
100	1900	1000/1000	0.000%	0.000%	0.000%	1900
100	1950	1000/1000	0.000%	0.000%	0.000%	1950
100	2000	1000/1000	0.000%	0.000%	0.000%	2000
